"shard","sequence_index","join_strategy","official_task_id","official_trial_id","official_category","official_difficulty","official_tags","official_passed","official_reward","official_max_score","official_score_eligible","official_artifact_refs_len","official_time_used","official_infra_failure_type","official_error_type","local_task_id","task_identity_source","task_identity_confidence","task_identity_candidates","top_family","contract_family","output_family","selected_solver_key","selected_solver_name","selected_source","workspace_visible","wrote_any_file","ok_writes","write_count","write_paths","primary_outputs","expected_outputs","output_candidates","final_artifact_refs_len","final_artifact_refs_candidate_len","artifact_outputs_len","diagnostic_ref_count","scoring_channel","output_channel","artifact_refs_role","filesystem_primary","route_events","warnings","errors","diagnosis","evidence_confidence","source_files"
"0","0","sequence_order","3d-scan-calc","3d-scan-calc__agentbeats__9c305e78","industrial-physical-systems","hard","[""binary-parsing"",""algorithm"",""3d-geometry"",""stl""]","false","0.0","1.0","true","0","57.942","","","307d1fb7-fe5f-45a8-ac4a-6874f94857ed","unresolved","0.0","","csv_output","security_config","security_config","security_config","","","true","true","2","2","[""/root/mass_report.json"",""/root/material_density_table.md""]","[""/root/mass_report.json""]","[""/root/mass_report.json""]","[""/root/material_density_table.md"",""/root/mass_report.json""]","4","4","4","4","filesystem_output_primary","filesystem_output_primary","diagnostic_and_compatibility_signal","true","{""agent_run_completed"":1,""direct_adapter_complete"":1,""direct_adapter_start"":1,""executor_skillsbench_entered"":1,""workspace_executor_complete"":1,""workspace_executor_start"":1}","[""selected_solver_key=security_config""]","","filesystem_outputs_written+final_refs_present+official_refs_empty","high","13_Run scenario — shard-0.txt"
"0","1","sequence_order","court-form-filling","court-form-filling__agentbeats__c3ab08be","office-white-collar","easy","[""pdf"",""form-filling"",""legal"",""document-automation""]","false","0.0","1.0","true","0","60.063","","","30add811-0fad-46bb-8eba-8e37fa7cfe0e","unresolved","0.0","","pdf_document","pdf_document","pdf_document","pdf_document","","","true","true","2","2","[""/root/sc100-blank.pdf"",""/root/sc100-filled.pdf""]","[""/root/sc100-filled.pdf""]","[""/root/sc100-blank.pdf""]","[""/root/sc100-blank.pdf"",""/root/sc100-filled.pdf""]","4","4","4","4","filesystem_output_primary","filesystem_output_primary","diagnostic_and_compatibility_signal","true","{""direct_adapter_complete"":1,""executor_skillsbench_before_terminal_flush"":1,""executor_skillsbench_entered"":1,""final_response_contract_emit"":1}","[""selected_solver_key=pdf_document""]","","filesystem_outputs_written+final_refs_present+official_refs_empty","high","13_Run scenario — shard-0.txt"
"0","2","sequence_order","dynamic-object-aware-egomotion","dynamic-object-aware-egomotion__agentbeats__231307c4","industrial-physical-systems","medium","[""video"",""egomotion"",""spatial-reasoning""]","false","0.0","1.0","true","0","65.76","","","0aa83898-fd08-4899-a0ef-b60a1723076c","unresolved","0.0","","office_pptx","office_pptx","office_pptx","office_pptx","","","true","true","1","1","[""/root/answer.json""]","","","[""/root/pred_instructions.json"",""/root/answer.json""]","4","4","4","4","filesystem_output_primary","filesystem_output_primary","diagnostic_and_compatibility_signal","true","{""agent_run_completed"":1,""executor_skillsbench_before_terminal_flush"":1,""executor_skillsbench_entered"":1,""final_response_contract_emit"":1,""workspace_executor_complete"":1}","[""No output requirements detected; attempting best-effort answer.json fallback."",""generic no-requirements fallback wrote /root/answer.json""]","","filesystem_outputs_written+final_refs_present+official_refs_empty","high","13_Run scenario — shard-0.txt"
"0","3","sequence_order","energy-unit-commitment","energy-unit-commitment__agentbeats__6e025bc4","industrial-physical-systems","hard","[""energy"",""unit-commitment"",""mixed-integer-optimization"",""day-ahead-scheduling"",""power-system-operations""]","false","0.0","1.0","true","0","54.487","","","c5962d03-8a50-48d6-ab08-47d2780a7f0e","unresolved","0.0","","json_output","security_config","security_config","security_config","","","true","true","2","2","[""/root/network.json"",""/root/report.json""]","[""/root/report.json""]","[""/root/network.json""]","[""/root/network.json"",""/root/report.json"",""/root/answer.json""]","4","4","4","4","filesystem_output_primary","filesystem_output_primary","diagnostic_and_compatibility_signal","true","{""executor_skillsbench_before_terminal_flush"":1,""executor_skillsbench_entered"":1,""final_response_contract_emit"":1}","[""selected_solver_key=security_config""]","","filesystem_outputs_written+final_refs_present+official_refs_empty","high","13_Run scenario — shard-0.txt"
"0","4","sequence_order","fix-build-agentops","fix-build-agentops__agentbeats__b0111f23","software-engineering","easy","[""Python"",""agentops"",""AgentOps-AI/agentops"",""software"",""build"",""compilation"",""ci"",""github actions"",""debugging""]","false","0.0","1.0","true","0","231.683","","","ce768dea-8bb6-416d-97de-e6c22e070537","unresolved","0.0","","markdown_output","code_solution","code_solution","code_solution","","","true","true","2","2","[""/root/workspace/solution.py"",""/home/github/build/failed/failed_reasons.txt""]","[""/home/github/build/failed/""]","[""/home/github/build/failed/""]","[""/home/github/build/failed/failed_reasons.txt"",""/home/github/build/failed/""]","4","4","4","4","filesystem_output_primary","filesystem_output_primary","diagnostic_and_compatibility_signal","true","{""direct_adapter_complete"":1,""executor_skillsbench_before_terminal_flush"":1,""executor_skillsbench_entered"":1,""final_response_contract_emit"":1}","[""selected_solver_key=code_solution""]","","filesystem_outputs_written+final_refs_present+official_refs_empty","high","13_Run scenario — shard-0.txt"
"0","5","sequence_order","gh-repo-analytics","gh-repo-analytics__agentbeats__266f6991","software-engineering","medium","[""github"",""gh-cli"",""data-analysis"",""ci-cd"",""devops""]","false","0.0","1.0","true","0","56.696","","","f650adfd-b61a-45e2-babf-4f6eba8c2d1b","unresolved","0.0","","lean_solution","general_file_output","general_file_output","general_file_output","","","true","true","1","1","[""/root/answer.json""]","","","[""/root/answer.json""]","4","4","4","4","filesystem_output_primary","filesystem_output_primary","diagnostic_and_compatibility_signal","true","{""event"":1,""executor_skillsbench_before_terminal_flush"":1,""executor_skillsbench_entered"":1,""final_response_contract_emit"":1}","[""No output requirements detected; attempting best-effort answer.json fallback."",""generic no-requirements fallback wrote /root/answer.json""]","","filesystem_outputs_written+final_refs_present+official_refs_empty+generic_family","high","13_Run scenario — shard-0.txt"
"0","6","sequence_order","jpg-ocr-stat","jpg-ocr-stat__agentbeats__9ce8d94f","office-white-collar","hard","[""image ocr"",""data statistics""]","false","0.0","1.0","true","0","58.465","","","97350a5b-edb4-4571-88a6-21d9f2a12d68","unresolved","0.0","","office_xlsx","office_xlsx","office_xlsx","office_xlsx","","","true","true","1","1","[""/app/workspace/stat_ocr.xlsx""]","[""/app/workspace/stat_ocr.xlsx""]","[""/app/workspace/stat_ocr.xlsx""]","[""/app/workspace/stat_ocr.xlsx"",""/workspace/stat_ocr.xlsx""]","4","4","4","4","filesystem_output_primary","filesystem_output_primary","diagnostic_and_compatibility_signal","true","{""executor_skillsbench_before_terminal_flush"":1,""executor_skillsbench_entered"":1,""final_response_contract_emit"":1}","[""selected_solver_key=office_xlsx""]","","filesystem_outputs_written+final_refs_present+official_refs_empty","high","13_Run scenario — shard-0.txt"
"0","7","sequence_order","manufacturing-equipment-maintenance","manufacturing-equipment-maintenance__agentbeats__b0743af8","industrial-physical-systems","medium","[""question and answer"",""reflow machine maintenance"",""data analysis"",""reasoning""]","false","0.0","1.0","true","0","58.135","","","e5c43f8d-efa0-45cb-bd49-8fd045d16000","unresolved","0.0","","pdf_document","security_config","security_config","security_config","","","true","true","5","5","[""/app/output/q01.json"",""/app/output/q02.json"",""/app/output/q03.json"",""/app/output/q04.json"",""/app/output/q05.json""]","[""/app/output/q01.json"",""/app/output/q02.json"",""/app/output/q03.json"",""/app/output/q04.json"",""/app/output/q05.json""]","[""/app/output/q01.json""]","[""/app/output/q01.json"",""/app/output/q02.json""]","4","4","4","4","filesystem_output_primary","filesystem_output_primary","diagnostic_and_compatibility_signal","true","{""executor_skillsbench_before_terminal_flush"":1,""executor_skillsbench_entered"":1,""final_response_contract_emit"":1,""workspace_executor_complete"":1}","[""selected_solver_key=security_config""]","","filesystem_outputs_written+final_refs_present+official_refs_empty","high","13_Run scenario — shard-0.txt"
"0","8","sequence_order","paper-anonymizer","paper-anonymizer__agentbeats__97c5500e","office-white-collar","medium","[""pdf"",""redaction"",""anonymization"",""blind-review""]","false","0.0","1.0","true","0","63.053","","","10dc55fa-e1cb-4c7c-9f72-f3ae428bac33","unresolved","0.0","","pdf_document","pdf_document","pdf_document","pdf_document","","","true","true","1","1","[""/root/redacted/paper{1-3}.pdf""]","[""/root/redacted/paper{1-3}.pdf""]","[""/root/redacted/paper{1-3}.pdf"",""/root/redacted""]","[""/root/paper{1-3}.pdf"",""/root/redacted/paper{1-3}.pdf"",""/root/redacted""]","4","4","4","4","filesystem_output_primary","filesystem_output_primary","diagnostic_and_compatibility_signal","true","{""executor_skillsbench_before_terminal_flush"":1,""executor_skillsbench_entered"":1,""final_response_contract_emit"":1}","[""selected_solver_key=pdf_document""]","","filesystem_outputs_written+final_refs_present+official_refs_empty","high","13_Run scenario — shard-0.txt"
"0","9","sequence_order","pg-essay-to-audiobook","pg-essay-to-audiobook__agentbeats__ca015f48","media-content-production","medium","[""tts"",""audiobook"",""web-scraping"",""openai-tts"",""elevenlabs"",""gtts""]","false","0.0","1.0","true","0","70.781","","","98238953-f27b-4ce3-a34a-347839c33086","unresolved","0.0","","audio","general_file_output","general_file_output","general_file_output","","","true","true","1","1","[""/root/answer.json""]","","","[""/root/answer.json""]","4","4","4","4","filesystem_output_primary","filesystem_output_primary","diagnostic_and_compatibility_signal","true","{""executor_skillsbench_before_terminal_flush"":1,""executor_skillsbench_entered"":1,""final_response_contract_emit"":1}","[""No output requirements detected; attempting best-effort answer.json fallback."",""generic no-requirements fallback wrote /root/answer.json""]","","filesystem_outputs_written+final_refs_present+official_refs_empty+generic_family","high","13_Run scenario — shard-0.txt"
"0","10","sequence_order","radar-vital-signs","radar-vital-signs__agentbeats__241971d7","natural-science","medium","[""radar"",""signal-processing"",""biomedical"",""vital-signs"",""python""]","false","0.0","1.0","true","0","62.456","","","4169a909-3416-49cd-98da-4cc8b995e3b0","unresolved","0.0","","csv_output","security_config","security_config","security_config","","","true","true","2","2","[""/app/workspace/results.csv"",""/root/results.csv""]","[""/app/workspace/results.csv"",""/root/results.csv""]","[""/app/workspace/results.csv""]","[""/root/results.csv""]","4","4","4","4","filesystem_output_primary","filesystem_output_primary","diagnostic_and_compatibility_signal","true","{""executor_skillsbench_before_terminal_flush"":1,""executor_skillsbench_entered"":1,""final_response_contract_emit"":1,""workspace_executor_complete"":1}","[""selected_solver_key=security_config""]","","filesystem_outputs_written+final_refs_present+official_refs_empty","high","13_Run scenario — shard-0.txt"
"0","11","sequence_order","shock-analysis-demand","shock-analysis-demand__agentbeats__0f11dfba","finance-economics","medium","[""excel"",""finance"",""macrofinance"",""office""]","false","0.0","1.0","true","0","87.754","","","057a338f-627e-4080-bce2-191ab0e65544","unresolved","0.0","","office_xlsx","office_xlsx","office_xlsx","office_xlsx","","","true","true","1","1","[""/app/workspace/test_demand.xlsx""]","[""/app/workspace/test_demand.xlsx""]","[""/app/workspace/test_demand.xlsx""]","[""/root/answer.json""]","4","4","4","4","filesystem_output_primary","filesystem_output_primary","diagnostic_and_compatibility_signal","true","{""executor_skillsbench_before_terminal_flush"":1,""executor_skillsbench_entered"":1,""final_response_contract_emit"":1}","[""selected_solver_key=office_xlsx""]","","filesystem_outputs_written+final_refs_present+official_refs_empty","high","13_Run scenario — shard-0.txt"
"0","12","sequence_order","taxonomy-tree-merge","taxonomy-tree-merge__agentbeats__c29dd057","office-white-collar","hard","[""taxonomy-alignment"",""hierarchical-clustering"",""embeddings"",""nlp"",""ecommerce"",""ontology-merging""]","false","0.0","1.0","true","0","121.801","","","a0dc137e-bc9c-4103-b960-f1c1a99ffd00","unresolved","0.0","","csv_output","security_config","security_config","security_config","","","true","true","1","1","[""/app/workspace/unified_taxonomy_full.csv""]","[""/app/workspace/unified_taxonomy_full.csv"",""/root/data""]","[""/app/workspace/unified_taxonomy_full.csv""]","","4","4","4","4","filesystem_output_primary","filesystem_output_primary","diagnostic_and_compatibility_signal","true","{""event"":1,""executor_skillsbench_before_terminal_flush"":1,""executor_skillsbench_entered"":1,""final_response_contract_emit"":1}","[""selected_solver_key=security_config""]","","filesystem_outputs_written+final_refs_present+official_refs_empty","high","13_Run scenario — shard-0.txt"
"0","13","sequence_order","video-tutorial-indexer","video-tutorial-indexer__agentbeats__43f62506","media-content-production","hard","[""video"",""speech-to-text"",""nlp"",""tutorial"",""education"",""multimodal""]","false","0.0","1.0","true","0","262.565","","","5422772c-77ad-4c26-941e-1998f74a1e03","unresolved","0.0","","general_file_output","security_config","security_config","security_config","","","true","true","1","1","[""/root/tutorial_index.json""]","[""/root/tutorial_index.json""]","[""/root/tutorial_index.json""]","[""/root/tutorial_index.json""]","4","4","4","4","filesystem_output_primary","filesystem_output_primary","diagnostic_and_compatibility_signal","true","{""event"":2,""executor_skillsbench_before_terminal_flush"":1,""executor_skillsbench_entered"":1,""final_response_contract_emit"":1}","[""selected_solver_key=security_config""]","","filesystem_outputs_written+final_refs_present+official_refs_empty","high","13_Run scenario — shard-0.txt"
"1","0","sequence_order","ada-bathroom-plan-repair","ada-bathroom-plan-repair__agentbeats__e9ff0ea0","industrial-physical-systems","hard","[""cad"",""dxf"",""accessibility"",""geometry"",""ada"",""spatial-reasoning""]","false","0.0","1.0","true","0","58.753","","","1566dfb2-efcf-4269-8db4-f27f71c31922","unresolved","0.0","","csv_output","security_config","security_config","security_config","","","true","true","2","2","[""/root/input/ada_rules.json"",""/root/input/layer_schema.json""]","[""/root/input/ada_bath_input.dxf"",""/root/input/ada_rules.json"",""/root/input/layer_schema.json""]","[""/root/input/ada_bath_input.dxf"",""/root/input""]","","4","4","4","4","filesystem_output_primary","filesystem_output_primary","diagnostic_and_compatibility_signal","true","{""agent_run_completed"":1,""direct_adapter_complete"":1,""direct_adapter_start"":1,""executor_skillsbench_entered"":1,""workspace_executor_complete"":1,""workspace_executor_start"":1}","[""selected_solver_key=security_config""]","","filesystem_outputs_written+final_refs_present+official_refs_empty","high","13_Run scenario — shard-1.txt"
"1","1","sequence_order","crystallographic-wyckoff-position-analysis","crystallographic-wyckoff-position-analysis__agentbeats__648644a3","natural-science","medium","[""crystallography"",""pymatgen"",""sympy"",""wyckoff_positions"",""symmetry_analysis""]","false","0.0","1.0","true","0","62.173","","","77b0d63d-dbe4-406b-b04f-07187b9f0442","unresolved","0.0","","general_file_output","code_solution","code_solution","code_solution","","","true","true","1","1","[""/root/workspace/solution.py""]","[""/root/workspace/solution.py""]","[""/root/workspace/solution.py"",""/root/workspace""]","[""/root/workspace/solution.py"",""/root/workspace"",""/workspace/solution.py""]","4","4","4","4","filesystem_output_primary","filesystem_output_primary","diagnostic_and_compatibility_signal","true","{""agent_run_completed"":1,""executor_skillsbench_before_terminal_flush"":1,""executor_skillsbench_entered"":1,""final_response_contract_emit"":1,""workspace_executor_complete"":1}","[""selected_solver_key=code_solution""]","","filesystem_outputs_written+final_refs_present+official_refs_empty","high","13_Run scenario — shard-1.txt"
"1","2","sequence_order","earthquake-phase-association","earthquake-phase-association__agentbeats__21c985a9","natural-science","hard","[""science"",""earth-science"",""seismology"",""ai4science""]","false","0.0","1.0","true","0","107.757","","","407ef7d5-850c-4838-b430-94dfcd69c459","unresolved","0.0","","csv_output","security_config","security_config","security_config","","","true","true","1","1","[""/root/results.csv""]","[""/root/results.csv""]","[""/root/results.csv""]","[""/root/results.csv"",""/root/answer.json""]","4","4","4","4","filesystem_output_primary","filesystem_output_primary","diagnostic_and_compatibility_signal","true","{""executor_skillsbench_before_terminal_flush"":1,""executor_skillsbench_entered"":1,""final_response_contract_emit"":1}","[""selected_solver_key=security_config""]","","filesystem_outputs_written+final_refs_present+official_refs_empty","high","13_Run scenario — shard-1.txt"
"1","3","sequence_order","enterprise-information-search","enterprise-information-search__agentbeats__8e0ba891","office-white-collar","hard","[""information-retrieval"",""question-answering"",""heterogeneous-data""]","false","0.0","1.0","true","0","60.235","","","bf6c3f51-a722-4e93-9e20-654f11a10421","unresolved","0.0","","json_output","security_config","security_config","security_config","","","true","true","2","2","[""/root/answer.json"",""/root/question.txt""]","[""/root/answer.json""]","[""/root/answer.json""]","[""/root/question.txt"",""/root/answer.json""]","4","4","4","4","filesystem_output_primary","filesystem_output_primary","diagnostic_and_compatibility_signal","true","{""executor_skillsbench_before_terminal_flush"":1,""executor_skillsbench_entered"":1,""final_response_contract_emit"":1}","[""selected_solver_key=security_config""]","","filesystem_outputs_written+final_refs_present+official_refs_empty","high","13_Run scenario — shard-1.txt"
"1","4","sequence_order","fix-build-google-auto","fix-build-google-auto__agentbeats__f01eac77","software-engineering","easy","[""Java"",""maven"",""google/auto"",""software"",""build"",""compilation"",""ci"",""travis"",""debugging""]","false","0.0","1.0","true","0","212.208","","","c72b67fa-c69a-4ccc-a091-b0676fffa44b","unresolved","0.0","","markdown_output","code_solution","code_solution","code_solution","","","true","true","1","1","[""/root/answer.json""]","","","","4","4","4","4","filesystem_output_primary","filesystem_output_primary","diagnostic_and_compatibility_signal","true","{""direct_adapter_complete"":1,""executor_skillsbench_before_terminal_flush"":1,""executor_skillsbench_entered"":1,""final_response_contract_emit"":1}","[""No output requirements detected; attempting best-effort answer.json fallback."",""generic no-requirements fallback wrote /root/answer.json""]","","filesystem_outputs_written+final_refs_present+official_refs_empty","high","13_Run scenario — shard-1.txt"
"1","5","sequence_order","glm-lake-mendota","glm-lake-mendota__agentbeats__497c5979","natural-science","hard","[""hydrology"",""lake-modeling"",""parameter-calibration""]","false","0.0","1.0","true","0","69.976","","","4d5d2469-f1e4-44f7-a029-844343e1fc1c","unresolved","0.0","","csv_output","security_config","security_config","security_config","","","true","true","1","1","[""/root/field_temp_oxy.csv""]","[""/root/bcs"",""/root/field_temp_oxy.csv""]","[""/root/bcs""]","[""/root/field_temp_oxy.csv"",""/root/answer.json""]","4","4","4","4","filesystem_output_primary","filesystem_output_primary","diagnostic_and_compatibility_signal","true","{""executor_skillsbench_before_terminal_flush"":1,""executor_skillsbench_entered"":1,""final_response_contract_emit"":1}","[""selected_solver_key=security_config""]","","filesystem_outputs_written+final_refs_present+official_refs_empty","high","13_Run scenario — shard-1.txt"
"1","6","sequence_order","lab-unit-harmonization","lab-unit-harmonization__agentbeats__1739bf82","natural-science","medium","[""bioinformatics"",""clinical"",""unit-conversion"",""data-harmonization"",""chronic-kidney-disease""]","false","0.0","1.0","true","0","60.784","","","27008e7f-746d-4580-9c58-d581ddc52704","unresolved","0.0","","csv_output","security_config","security_config","security_config","","","true","true","1","1","[""/root/ckd_lab_data_harmonized.csv""]","[""/root/ckd_lab_data_harmonized.csv""]","[""/root/ckd_lab_data_harmonized.csv""]","[""/root/environment/data/ckd_lab_data.csv"",""/root/environment/data"",""/root/environment/data/ckd_feature_descriptions.csv"",""/root/environment/dat""]","4","4","4","4","filesystem_output_primary","filesystem_output_primary","diagnostic_and_compatibility_signal","true","{""executor_skillsbench_before_terminal_flush"":1,""executor_skillsbench_entered"":1,""final_response_contract_emit"":1}","[""selected_solver_key=security_config""]","","filesystem_outputs_written+final_refs_present+official_refs_empty","high","13_Run scenario — shard-1.txt"
"1","7","sequence_order","manufacturing-fjsp-optimization","manufacturing-fjsp-optimization__agentbeats__8961c853","industrial-physical-systems","medium","[""optimization"",""manufacturing"",""flexible job shop planning""]","false","0.0","1.0","true","0","54.623","","","108bb361-15bd-4abe-bc3e-5c96547c28e2","unresolved","0.0","","csv_output","security_config","security_config","security_config","","","true","true","2","2","[""/app/output/schedule.csv"",""/app/output/solution.json""]","[""/app/output/schedule.csv"",""/app/output/solution.json""]","[""/app/output/schedule.csv""]","[""/app/output/solution.json"",""/app/output/schedule.csv""]","4","4","4","4","filesystem_output_primary","filesystem_output_primary","diagnostic_and_compatibility_signal","true","{""executor_skillsbench_before_terminal_flush"":1,""executor_skillsbench_entered"":1,""final_response_contract_emit"":1}","[""selected_solver_key=security_config""]","","filesystem_outputs_written+final_refs_present+official_refs_empty","high","13_Run scenario — shard-1.txt"
"1","8","sequence_order","parallel-tfidf-search","parallel-tfidf-search__agentbeats__a01f88ec","software-engineering","medium","[""parallel""]","false","0.0","1.0","true","0","86.388","","","839afc4c-863b-4b52-951a-49ec7952c99e","unresolved","0.0","","markdown_output","code_solution","code_solution","code_solution","","","true","true","1","1","[""/root/workspace/parallel_solution.py""]","[""/root/workspace/parallel_solution.py""]","[""/root/workspace/parallel_solution.py"",""/root/workspace""]","[""/root/workspace/parallel_solution.py"",""/root/workspace"",""/workspace/parallel_solution.py""]","4","4","4","4","filesystem_output_primary","filesystem_output_primary","diagnostic_and_compatibility_signal","true","{""executor_skillsbench_before_terminal_flush"":1,""executor_skillsbench_entered"":1,""final_response_contract_emit"":1}","[""selected_solver_key=code_solution""]","","filesystem_outputs_written+final_refs_present+official_refs_empty","high","13_Run scenario — shard-1.txt"
"1","9","sequence_order","powerlifting-coef-calc","powerlifting-coef-calc__agentbeats__75c9627c","office-white-collar","easy","[""excel"",""sports"",""excel-index-match"",""statistics"",""excel-formula""]","false","0.0","1.0","true","0","77.866","","","e8a192d6-9e05-4842-8abb-b29ae6b3a990","unresolved","0.0","","office_xlsx","office_xlsx","office_xlsx","office_xlsx","","","true","true","1","1","[""/root/answer.json""]","","","[""/root/answer.json""]","4","4","4","4","filesystem_output_primary","filesystem_output_primary","diagnostic_and_compatibility_signal","true","{""executor_skillsbench_before_terminal_flush"":1,""executor_skillsbench_entered"":1,""final_response_contract_emit"":1}","[""No output requirements detected; attempting best-effort answer.json fallback."",""generic no-requirements fallback wrote /root/answer.json""]","","filesystem_outputs_written+final_refs_present+official_refs_empty","high","13_Run scenario — shard-1.txt"
"1","10","sequence_order","react-performance-debugging","react-performance-debugging__agentbeats__aa59df69","software-engineering","hard","[""react"",""nextjs"",""performance"",""debugging"",""bundle-optimization""]","false","0.0","1.0","true","0","135.392","","","c788d938-199e-4ec0-b29f-38d2fd4f307b","unresolved","0.0","","markdown_output","general_file_output","general_file_output","general_file_output","","","true","true","1","1","[""/root/answer.json""]","","","[""/root/answer.json""]","4","4","4","4","filesystem_output_primary","filesystem_output_primary","diagnostic_and_compatibility_signal","true","{""executor_skillsbench_before_terminal_flush"":1,""executor_skillsbench_entered"":1,""final_response_contract_emit"":1}","[""No output requirements detected; attempting best-effort answer.json fallback."",""generic no-requirements fallback wrote /root/answer.json""]","","filesystem_outputs_written+final_refs_present+official_refs_empty+generic_family","high","13_Run scenario — shard-1.txt"
"1","11","sequence_order","shock-analysis-supply","shock-analysis-supply__agentbeats__a9bd3f14","finance-economics","hard","[""excel"",""finance"",""macrofinance"",""office"",""production-function""]","false","0.0","1.0","true","0","83.945","","","baf3dda6-eb77-45b1-bfaf-4bd19f163c82","metadata.aegisforge_a2a_payload_text.known_task_occurrence","0.7083333333333334","[{""reason"":""plausible-slug,known-public-skillsbench-task,appears-in-context"",""score"":85.0,""source"":""metadata.aegisforge_a2a_payload_text.known_task_occurrence"",""value"":""test-supply""}]","office_xlsx","office_xlsx","office_xlsx","office_xlsx","","","true","true","1","1","[""/app/workspace/test-supply.xlsx""]","[""/app/workspace/test-supply.xlsx""]","[""/app/workspace/test-supply.xlsx""]","[""/root/answer.json""]","4","4","4","4","filesystem_output_primary","filesystem_output_primary","diagnostic_and_compatibility_signal","true","{""direct_adapter_complete"":1,""executor_skillsbench_before_terminal_flush"":1,""executor_skillsbench_entered"":1,""final_response_contract_emit"":1}","[""selected_solver_key=office_xlsx""]","","filesystem_outputs_written+final_refs_present+official_refs_empty","high","13_Run scenario — shard-1.txt"
"1","12","sequence_order","threejs-structure-parser","threejs-structure-parser__agentbeats__bb9a362b","media-content-production","medium","[""threejs"",""json"",""3d"",""3D parts understanding"",""javascript""]","false","0.0","1.0","true","0","64.355","","","6a95a79d-eacc-4a69-b2a0-044b1e0299f7","unresolved","0.0","","general_file_output","general_file_output","general_file_output","general_file_output","","","true","true","1","1","[""/root/answer.json""]","","","[""/root/answer.json""]","4","4","4","4","filesystem_output_primary","filesystem_output_primary","diagnostic_and_compatibility_signal","true","{""event"":1,""executor_skillsbench_before_terminal_flush"":1,""executor_skillsbench_entered"":1,""final_response_contract_emit"":1}","[""No output requirements detected; attempting best-effort answer.json fallback."",""generic no-requirements fallback wrote /root/answer.json""]","","filesystem_outputs_written+final_refs_present+official_refs_empty+generic_family","high","13_Run scenario — shard-1.txt"
"1","13","sequence_order","weighted-gdp-calc","weighted-gdp-calc__agentbeats__ae7d8969","finance-economics","medium","[""excel"",""finance"",""macrofinance"",""office"",""excel-index-match"",""statistics""]","false","0.0","1.0","true","0","87.488","","","9f3bc7fa-b19e-43eb-a7ad-a4edaf54334f","unresolved","0.0","","office_xlsx","office_xlsx","office_xlsx","office_xlsx","","","true","true","1","1","[""/root/answer.json""]","","","[""/root/answer.json""]","4","4","4","4","filesystem_output_primary","filesystem_output_primary","diagnostic_and_compatibility_signal","true","{""executor_skillsbench_before_terminal_flush"":1,""final_response_contract_emit"":1}","[""No output requirements detected; attempting best-effort answer.json fallback."",""generic no-requirements fallback wrote /root/answer.json""]","","filesystem_outputs_written+final_refs_present+official_refs_empty","high","13_Run scenario — shard-1.txt"
"2","0","partial_sequence","adaptive-cruise-control","adaptive-cruise-control__agentbeats__b4434ac5","industrial-physical-systems","medium","[""python"",""pid-control"",""simulation"",""vehicle-dynamics"",""automotive"",""control-theory""]","false","0.0","1.0","true","0","68.301","","","f7fe9a75-97df-4a17-847a-b6095a0fba31","unresolved","0.0","","csv_output","security_config","security_config","security_config","","","true","true","1","1","[""/root/network_stats.csv""]","[""/root/network_stats.csv""]","[""/root/network_stats.csv""]","[""/root/network_stats.csv""]","4","4","4","4","filesystem_output_primary","filesystem_output_primary","diagnostic_and_compatibility_signal","true","{""agent_run_completed"":1,""direct_adapter_complete"":1,""direct_adapter_start"":1,""executor_skillsbench_entered"":1,""workspace_executor_complete"":1,""workspace_executor_start"":1}","[""selected_solver_key=security_config""]","","filesystem_outputs_written+final_refs_present+official_refs_empty","high","13_Run scenario — shard-2.txt"
"2","1","partial_sequence","dapt-intrusion-detection","dapt-intrusion-detection__agentbeats__9360e0fb","cybersecurity","hard","[""security"",""network"",""pcap"",""intrusion-detection""]","false","0.0","1.0","true","0","63.848","","","2561c890-6e04-4af4-977f-0d4529d58807","unresolved","0.0","","json_output","security_config","security_config","security_config","","","true","true","2","2","[""/root/PB2002_plates.json"",""/root/answer.json""]","[""/root/answer.json""]","[""/root/PB2002_plates.json""]","[""/root/answer.json"",""/root/earthquakes_2024.json"",""/root/PB2002_bounda""]","4","4","4","4","filesystem_output_primary","filesystem_output_primary","diagnostic_and_compatibility_signal","true","{""agent_run_completed"":1,""executor_skillsbench_before_terminal_flush"":1,""executor_skillsbench_entered"":1,""final_response_contract_emit"":1,""workspace_executor_complete"":1}","[""selected_solver_key=security_config""]","","filesystem_outputs_written+final_refs_present+official_refs_empty","high","13_Run scenario — shard-2.txt"
"2","2","partial_sequence","earthquake-plate-calculation","earthquake-plate-calculation__agentbeats__fd6a81a1","natural-science","medium","[""geophysics"",""spatial-analysis"",""gis"",""plate-tectonics""]","false","0.0","1.0","true","0","57.808","","","ac5e52e3-80df-4c61-ba11-50b89904d717","unresolved","0.0","","csv_output","general_file_output","general_file_output","general_file_output","","","true","true","1","2","[""/root/output/formulation.md""]","[""/root/output/formulation.md"",""/root/data""]","[""/root/output/formulation.md"",""/root/output""]","[""/root/data/README.md"",""/root/data"",""/root/output/formulation.md"",""/root/output""]","4","4","4","4","filesystem_output_primary","filesystem_output_primary","diagnostic_and_compatibility_signal","true","{""executor_skillsbench_before_terminal_flush"":1,""executor_skillsbench_entered"":1,""final_response_contract_emit"":1}","[""json_csv_solver invoked for family='general_file_output'; continuing best-effort"",""selected_solver_key=general_file_output""]","[""/root/data: [Errno 21] Is a directory: '/root/.data.m8jy7q54.tmp' -> '/root/data'""]","filesystem_outputs_written+final_refs_present+official_refs_empty+generic_family","high","13_Run scenario — shard-2.txt"
"2","3","partial_sequence","exam-block-sequencing","exam-block-sequencing__agentbeats__380d020c","mathematics-or-formal-reasoning","hard","[""scheduling"",""optimization"",""integer-programming"",""timetabling"",""education""]","false","0.0","1.0","true","0","57.358","","","6fa62c66-4b7b-48f4-b360-2d7bfcf6ee9f","unresolved","0.0","","lean_solution","general_file_output","general_file_output","general_file_output","","","true","true","1","2","[""/root/druid""]","[""/root/patches""]","[""/root/druid""]","[""/root/answer.json""]","4","4","4","4","filesystem_output_primary","filesystem_output_primary","diagnostic_and_compatibility_signal","true","{""direct_adapter_complete"":1,""executor_skillsbench_before_terminal_flush"":1,""executor_skillsbench_entered"":1,""final_response_contract_emit"":1}","[""json_csv_solver invoked for family='general_file_output'; continuing best-effort"",""selected_solver_key=general_file_output""]","[""/root/patches: [Errno 21] Is a directory: '/root/.patches.h4xwberl.tmp' -> '/root/patches'""]","filesystem_outputs_written+final_refs_present+official_refs_empty+generic_family","high","13_Run scenario — shard-2.txt"
"2","4","partial_sequence","fix-druid-loophole-cve","fix-druid-loophole-cve__agentbeats__d94fe42c","cybersecurity","hard","[""Java"",""Security"",""Apache Druid"",""Vulnerability Fix""]","false","0.0","1.0","true","0","124.351","","","43e4a23f-be84-4df2-9ddc-15d93edf7ade","unresolved","0.0","","csv_output","security_config","security_config","security_config","","","true","true","2","2","[""/app/workspace/results.csv"",""/root/detection_results.csv""]","[""/app/workspace/results.csv"",""/root/detection_results.csv""]","[""/app/workspace/results.csv""]","[""/root/detection_results.csv""]","4","4","4","4","filesystem_output_primary","filesystem_output_primary","diagnostic_and_compatibility_signal","true","{""executor_skillsbench_before_terminal_flush"":1,""executor_skillsbench_entered"":1,""final_response_contract_emit"":1}","[""selected_solver_key=security_config""]","","filesystem_outputs_written+final_refs_present+official_refs_empty","high","13_Run scenario — shard-2.txt"
"2","5","partial_sequence","gravitational-wave-detection","gravitational-wave-detection__agentbeats__a1b81bd8","natural-science","medium","[""science"",""astronomy"",""physics"",""gravitational-waves"",""signal-processing"",""python"",""pycbc""]","false","0.0","1.0","true","0","65.89","","","5f4b0d94-f73e-413c-8bfc-e707554f0faa","unresolved","0.0","","csv_output","security_config","security_config","security_config","","","true","true","2","2","[""/app/workspace/dominant_factor.csv"",""/app/workspace/trend_result.csv""]","[""/app/workspace/trend_result.csv""]","[""/app/workspace/dominant_factor.csv""]","[""/root/""]","4","4","4","4","filesystem_output_primary","filesystem_output_primary","diagnostic_and_compatibility_signal","true","{""executor_skillsbench_before_terminal_flush"":1,""executor_skillsbench_entered"":1,""final_response_contract_emit"":1}","[""selected_solver_key=security_config""]","","filesystem_outputs_written+final_refs_present+official_refs_empty","high","13_Run scenario — shard-2.txt"
"2","6","partial_sequence","lake-warming-attribution","lake-warming-attribution__agentbeats__33517cc6","natural-science","medium","[""hydrology"",""trend-analysis"",""contribution-analysis""]","false","0.0","1.0","true","0","63.811","","","8e461874-deaf-499b-896d-9f467fe2c93b","unresolved","0.0","","csv_output","security_config","security_config","security_config","","","true","true","2","2","[""/app/workspace/results.csv"",""/root/counting_results.csv""]","[""/app/workspace/results.csv"",""/root/counting_results.csv""]","[""/app/workspace/results.csv""]","[""/root/counting_results.csv""]","4","4","4","4","filesystem_output_primary","filesystem_output_primary","diagnostic_and_compatibility_signal","true","{""event"":1,""executor_skillsbench_before_terminal_flush"":1,""executor_skillsbench_entered"":1,""final_response_contract_emit"":1}","[""selected_solver_key=security_config""]","","filesystem_outputs_written+final_refs_present+official_refs_empty","high","13_Run scenario — shard-2.txt"
"2","7","partial_sequence","mario-coin-counting","mario-coin-counting__agentbeats__0c682b29","media-content-production","medium","[""video-processing"",""image-processing"",""computer-vision""]","false","0.0","1.0","true","0","80.0","","","a7fa451e-e3fc-4336-bdc6-fb03bae517b8","unresolved","0.0","","json_output","security_config","security_config","security_config","","","true","true","3","3","[""/app/workspace/data.md"",""/root/model-and-data.md"",""/root/report.json""]","[""/root/report.json""]","[""/app/workspace/data.md""]","[""/root/model-and-data.md"",""/root/report.json""]","4","4","4","4","filesystem_output_primary","filesystem_output_primary","diagnostic_and_compatibility_signal","true","{""executor_skillsbench_before_terminal_flush"":1,""executor_skillsbench_entered"":1,""final_response_contract_emit"":1,""workspace_executor_complete"":1}","[""selected_solver_key=security_config""]","","filesystem_outputs_written+final_refs_present+official_refs_empty","high","13_Run scenario — shard-2.txt"
"2","8","partial_sequence","paratransit-routing","paratransit-routing__agentbeats__49aadfda","mathematics-or-formal-reasoning","hard","[""paratransit"",""dial-a-ride"",""routing"",""operations-research"",""schedule-audit""]","false","0.0","1.0","true","0","53.854","","","f47adced-947a-497a-b2be-410f94251e9f","unresolved","0.0","","office_pptx","office_pptx","office_pptx","office_pptx","","","true","true","2","2","[""/root/Awesome-Agent-Papers.pptx"",""/root/Awesome-Agent-Papers_processed.pptx""]","[""/root/Awesome-Agent-Papers_processed.pptx""]","[""/root/Awesome-Agent-Papers.pptx""]","[""/root/Awesome-Agent-Papers.pptx"",""/root/Awesome-Agent-Papers_processed.pptx""]","4","4","4","4","filesystem_output_primary","filesystem_output_primary","diagnostic_and_compatibility_signal","true","{""event"":1,""executor_skillsbench_before_terminal_flush"":1,""executor_skillsbench_entered"":1,""final_response_contract_emit"":1}","[""selected_solver_key=office_pptx""]","","filesystem_outputs_written+final_refs_present+official_refs_empty","high","13_Run scenario — shard-2.txt"
"2","9","partial_sequence","pptx-reference-formatting","pptx-reference-formatting__agentbeats__608716e3","office-white-collar","medium","[""pptx"",""ppt"",""slides"",""formatting""]","false","0.0","1.0","true","0","61.056","","","3dead440-ee4d-4053-8aae-2ee11e916d6a","unresolved","0.0","","office_xlsx","office_xlsx","office_xlsx","office_xlsx","","","true","true","1","1","[""/root/output/rar_result.xlsx""]","[""/root/output/rar_result.xlsx""]","[""/root/output/rar_result.xlsx"",""/root/output""]","[""/root/output/rar_result.xlsx"",""/root/output"",""/output/rar_result.xlsx""]","4","4","4","4","filesystem_output_primary","filesystem_output_primary","diagnostic_and_compatibility_signal","true","{""executor_skillsbench_before_terminal_flush"":1,""executor_skillsbench_entered"":1,""final_response_contract_emit"":1}","[""selected_solver_key=office_xlsx""]","","filesystem_outputs_written+final_refs_present+official_refs_empty","high","13_Run scenario — shard-2.txt"
"2","10","partial_sequence","reserves-at-risk-calc","reserves-at-ri***","finance-economics","medium","[""excel"",""finance"",""macrofinance"",""office""]","false","0.0","1.0","true","0","89.204","","","ea44cfd3-2f73-4632-ae72-4c173bbe8344","unresolved","0.0","","pdf_document","code_solution","code_solution","code_solution","","","true","true","3","3","[""/root/SimPO/scripts/simpo_trainer.py"",""/root/SimPO/unit_test/unit_test_1.py"",""/root/python_info.txt""]","[""/root/SimPO/paper.pdf"",""/root/SimPO/scripts/simpo_trainer.py"",""/root/SimPO/unit_test/unit_test_1.py"",""/root/python_info.txt""]","[""/root/SimPO/paper.pdf"",""/root/SimPO""]","[""/root/SimPO/scripts/simpo_trainer.py"",""/root/SimPO/scripts"",""/root/SimPO/paper.pdf"",""/root/SimPO""]","4","4","4","4","filesystem_output_primary","filesystem_output_primary","diagnostic_and_compatibility_signal","true","{""executor_skillsbench_before_terminal_flush"":1,""executor_skillsbench_entered"":1,""final_response_contract_emit"":1}","[""selected_solver_key=code_solution""]","","filesystem_outputs_written+final_refs_present+official_refs_empty","high","13_Run scenario — shard-2.txt"
"2","11","partial_sequence","simpo-code-reproduction","simpo-code-reproduction__agentbeats__bd7f4d43","software-engineering","hard","[""code-reproduction"",""nlp"",""paper-to-code"",""unit-tests""]","false","0.0","1.0","true","0","56.032","","","df4336f6-483a-4b29-bb16-228d5a48e6eb","unresolved","0.0","","general_file_output","general_file_output","general_file_output","general_file_output","","","true","false","","1","[""/root/data"",""/app/workspace/trend_result.csv"",""/app/workspace/results.csv"",""/app/workspace/dominant_factor.csv"",""/app/workspace/data.md"",""/workspace/outputs/skillsbench_output_contract.json"",""/workspace/outputs/skillsbench_answer.md"",""/workspace/outputs/results.csv"",""/workspace/outputs/skillsbench_resul"",""/root/.data.81w38y5j.tmp"",""/root/output"",""/root/workspace"",""/root/input"",""/root/patches"",""/root/answer.json"",""/root/data:""]","[""/root/data""]","[""/root/data""]","[""/root/answer.json""]","4","4","4","4","filesystem_output_primary","filesystem_output_primary","diagnostic_and_compatibility_signal","true","{""agent_run_completed"":1,""event"":1,""executor_skillsbench_before_terminal_flush"":1,""executor_skillsbench_entered"":1,""final_response_contract_emit"":1,""workspace_executor_complete"":1}","[""json_csv_solver invoked for family='general_file_output'; continuing best-effort"",""selected_solver_key=general_file_output""]","[""/root/data: [Errno 21] Is a directory: '/root/.data.81w38y5j.tmp' -> '/root/data'""]","filesystem_outputs_written+final_refs_present+official_refs_empty+generic_family","high","13_Run scenario — shard-2.txt"
"2","12","partial_sequence","threejs-to-obj","threejs-to-obj__agentbeats__0e1a3527","media-content-production","medium","[""threejs"",""obj"",""3d"",""node"",""javascript""]","false","0.0","1.0","true","0","64.708","","","1dca88a8-f6ec-4c8c-86d1-81d41c0e80ec","unresolved","0.0","","office_xlsx","office_xlsx","office_xlsx","office_xlsx","","","true","true","1","1","[""/app/workspace/nasa_budget_recovered.xlsx""]","[""/app/workspace/nasa_budget_recovered.xlsx""]","[""/app/workspace/nasa_budget_recovered.xlsx""]","[""/root/answer.json""]","4","4","4","4","filesystem_output_primary","filesystem_output_primary","diagnostic_and_compatibility_signal","true","{""executor_skillsbench_before_terminal_flush"":1,""executor_skillsbench_entered"":1,""final_response_contract_emit"":1}","[""selected_solver_key=office_xlsx""]","","filesystem_outputs_written+final_refs_present+official_refs_empty","high","13_Run scenario — shard-2.txt"
"2","13","unmatched","xlsx-recover-data","xlsx-recover-data__agentbeats__24867c1d","finance-economics","medium","[""excel"",""data-recovery"",""financial-analysis"",""cross-sheet-dependencies""]","false","0.0","1.0","true","0","60.502","","","","","","","","","","","","","","","","","","","","","","","","","","","","","","","","official_result_without_local_evidence","low","13_Run scenario — shard-2.txt"
"3","0","sequence_order","azure-bgp-oscillation-route-leak","azure-bgp-oscillation-route-leak__agentbeats__da77971b","software-engineering","medium","[""bgp"",""oscillation"",""azure"",""network""]","false","0.0","1.0","true","0","56.08","","","f2ca7430-98dd-41e5-97d3-9b036fd84c10","unresolved","0.0","","json_output","security_config","security_config","security_config","","","true","true","1","1","[""/app/output/oscillation_report.json""]","[""/app/output/oscillation_report.json""]","[""/app/output/oscillation_report.json""]","[""/app/output/oscillation_report.json"",""/output/oscillation_report.json""]","4","4","4","4","filesystem_output_primary","filesystem_output_primary","diagnostic_and_compatibility_signal","true","{""agent_run_completed"":1,""direct_adapter_complete"":1,""direct_adapter_start"":1,""executor_skillsbench_entered"":1,""workspace_executor_complete"":1,""workspace_executor_start"":1}","[""selected_solver_key=security_config""]","","filesystem_outputs_written+final_refs_present+official_refs_empty","high","13_Run scenario — shard-3.txt"
"3","1","sequence_order","data-to-d3","data-to-d3__agentbeats__51876b46","software-engineering","medium","[""d3.js"",""data-visualization"",""interactive-charts""]","false","0.0","1.0","true","0","92.838","","","5e199fb3-66c3-4165-abcb-ae3d5cc5d2df","unresolved","0.0","","csv_output","general_file_output","general_file_output","general_file_output","","","true","true","3","3","[""/root/output/css"",""/root/output/data"",""/root/output/js""]","[""/root/output/css"",""/root/output/data"",""/root/output/js""]","[""/root/output/css"",""/root/output""]","[""/root/data/stock-descriptions.csv"",""/root/data"",""/root/answer.json""]","4","4","4","4","filesystem_output_primary","filesystem_output_primary","diagnostic_and_compatibility_signal","true","{""agent_run_completed"":1,""executor_skillsbench_before_terminal_flush"":1,""executor_skillsbench_entered"":1,""final_response_contract_emit"":1,""workspace_executor_complete"":1}","[""json_csv_solver invoked for family='general_file_output'; continuing best-effort"",""selected_solver_key=general_file_output""]","","filesystem_outputs_written+final_refs_present+official_refs_empty+generic_family","high","13_Run scenario — shard-3.txt"
"3","2","sequence_order","econ-detrending-correlation","econ-detrending-correlation__agentbeats__5b561759","finance-economics","medium","[""economics"",""statistics"",""data-analysis"",""python"",""pandas"",""hp-filter"",""timeseries""]","false","0.0","1.0","true","0","62.205","","","2257b80e-bd7b-4ef3-880b-1dfadcb460e1","unresolved","0.0","","office_xlsx","security_config","security_config","security_config","","","true","true","2","2","[""/app/workspace/answer.txt"",""/root/answer.txt""]","[""/app/workspace/answer.txt"",""/root/answer.txt""]","[""/app/workspace/answer.txt""]","[""/root/answer.txt""]","4","4","4","4","filesystem_output_primary","filesystem_output_primary","diagnostic_and_compatibility_signal","true","{""executor_skillsbench_before_terminal_flush"":1,""executor_skillsbench_entered"":1,""final_response_contract_emit"":1,""workspace_executor_complete"":1}","[""selected_solver_key=security_config""]","","filesystem_outputs_written+final_refs_present+official_refs_empty","high","13_Run scenario — shard-3.txt"
"3","3","sequence_order","exceltable-in-ppt","exceltable-in-ppt__agentbeats__44cc618b","office-white-collar","medium","[""excel"",""pptx"",""table-update""]","false","0.0","1.0","true","0","102.18","","","8f412f27-b589-4df2-ae65-a0f2baf634a0","unresolved","0.0","","office_pptx","office_pptx","office_pptx","office_pptx","","","true","true","1","1","[""/root/results.pptx""]","[""/root/results.pptx""]","[""/root/results.pptx""]","[""/root/input.pptx"",""/root/results.pptx""]","4","4","4","4","filesystem_output_primary","filesystem_output_primary","diagnostic_and_compatibility_signal","true","{""executor_skillsbench_before_terminal_flush"":1,""executor_skillsbench_entered"":1,""final_response_contract_emit"":1}","[""selected_solver_key=office_pptx""]","","filesystem_outputs_written+final_refs_present+official_refs_empty","high","13_Run scenario — shard-3.txt"
"3","4","sequence_order","fix-erlang-ssh-cve","fix-erlang-ssh-cve__agentbeats__58e60694","cybersecurity","hard","[""erlang"",""security""]","false","0.0","1.0","true","0","179.961","","","662beba3-83ef-43fb-ad28-475f874be6e9","unresolved","0.0","","markdown_output","general_file_output","general_file_output","general_file_output","","","true","true","1","1","[""/root/answer.json""]","","","[""/root/answer.json""]","4","4","4","4","filesystem_output_primary","filesystem_output_primary","diagnostic_and_compatibility_signal","true","{""direct_adapter_complete"":1,""executor_skillsbench_before_terminal_flush"":1,""executor_skillsbench_entered"":1,""final_response_contract_emit"":1}","[""No output requirements detected; attempting best-effort answer.json fallback."",""generic no-requirements fallback wrote /root/answer.json""]","","filesystem_outputs_written+final_refs_present+official_refs_empty+generic_family","high","13_Run scenario — shard-3.txt"
"3","5","sequence_order","grid-dispatch-operator","grid-dispatch-operator__agentbeats__c82ed535","industrial-physical-systems","medium","[""energy"",""large-scale-energy-market-clearing"",""optimization"",""power-flow"",""dc-opf""]","false","0.0","1.0","true","0","101.617","","","6f4b19c5-16fc-4788-93c7-1913552c0b7f","unresolved","0.0","","json_output","security_config","security_config","security_config","","","true","true","1","1","[""/app/workspace/report.json""]","[""/app/workspace/report.json""]","[""/app/workspace/report.json""]","[""/root/answer.json""]","4","4","4","4","filesystem_output_primary","filesystem_output_primary","diagnostic_and_compatibility_signal","true","{""executor_skillsbench_before_terminal_flush"":1,""executor_skillsbench_entered"":1,""final_response_contract_emit"":1}","[""selected_solver_key=security_config""]","","filesystem_outputs_written+final_refs_present+official_refs_empty","high","13_Run scenario — shard-3.txt"
"3","6","sequence_order","latex-formula-extraction","latex-formula-extraction__agentbeats__e9691485","office-white-collar","medium","[""pdf"",""latex"",""latex-extraction""]","false","0.0","1.0","true","0","747.379","","","2acaee00-f986-45fb-bdfb-f58973651703","unresolved","0.0","","pdf_document","pdf_document","pdf_document","pdf_document","","","true","true","2","2","[""/root/2acaee00-f986-45fb-bdfb-f58973651703.pdf"",""/root/latex_formula_extraction.md""]","[""/root/latex_formula_extraction.md""]","[""/root/latex_formula_extraction.md""]","[""/root/latex_formula_extraction.md""]","4","4","4","4","filesystem_output_primary","filesystem_output_primary","diagnostic_and_compatibility_signal","true","{""direct_adapter_complete"":1,""event"":1,""executor_skillsbench_before_terminal_flush"":1,""executor_skillsbench_entered"":1,""final_response_contract_emit"":1,""workspace_executor_complete"":1}","[""selected_solver_key=pdf_document""]","","filesystem_outputs_written+final_refs_present+official_refs_empty","high","13_Run scenario — shard-3.txt"
"3","7","sequence_order","mars-clouds-clustering","mars-clouds-clustering__agentbeats__e3067ad3","natural-science","hard","[""science"",""astronomy"",""planetary-science"",""clustering"",""optimization"",""parallelization"",""python""]","false","0.0","1.0","true","0","65.221","","","8f342bbe-1e29-47a4-8868-d86aa684192a","unresolved","0.0","","csv_output","security_config","security_config","security_config","","","true","true","1","1","[""/root/pareto_frontier.csv""]","[""/root/pareto_frontier.csv""]","[""/root/pareto_frontier.csv""]","[""/root/pareto_frontier.csv""]","4","4","4","4","filesystem_output_primary","filesystem_output_primary","diagnostic_and_compatibility_signal","true","{""executor_skillsbench_before_terminal_flush"":1,""executor_skillsbench_entered"":1,""final_response_contract_emit"":1}","[""selected_solver_key=security_config""]","","filesystem_outputs_written+final_refs_present+official_refs_empty","high","13_Run scenario — shard-3.txt"
"3","8","sequence_order","pddl-airport-planning","pddl-airport-planning__agentbeats__e1e2e901","mathematics-or-formal-reasoning","medium","[""dsl"",""planning""]","false","0.0","1.0","true","0","70.334","","","7f1b5036-79af-4336-b1c5-1092496ff2d4","unresolved","0.0","","general_file_output","general_file_output","general_file_output","general_file_output","","","true","true","1","1","[""/root/answer.json""]","","","[""/root/answer.json""]","4","4","4","4","filesystem_output_primary","filesystem_output_primary","diagnostic_and_compatibility_signal","true","{""executor_skillsbench_before_terminal_flush"":1,""executor_skillsbench_entered"":1,""final_response_contract_emit"":1}","[""No output requirements detected; attempting best-effort answer.json fallback."",""generic no-requirements fallback wrote /root/answer.json""]","","filesystem_outputs_written+final_refs_present+official_refs_empty+generic_family","high","13_Run scenario — shard-3.txt"
"3","9","sequence_order","protein-expression-analysis","protein-expression-analysis__agentbeats__8c2e2d37","natural-science","medium","[""xlsx"",""proteomics"",""excel"",""data-analysis"",""statistics"",""bioinformatics""]","false","0.0","1.0","true","0","98.943","","","034b902a-39ae-4cfa-87c2-15b682b2cac3","unresolved","0.0","","office_xlsx","office_xlsx","office_xlsx","office_xlsx","","","true","true","1","1","[""/root/answer.json""]","","","[""/root/answer.json""]","4","4","4","4","filesystem_output_primary","filesystem_output_primary","diagnostic_and_compatibility_signal","true","{""event"":1,""executor_skillsbench_before_terminal_flush"":1,""executor_skillsbench_entered"":1,""final_response_contract_emit"":1}","[""No output requirements detected; attempting best-effort answer.json fallback."",""generic no-requirements fallback wrote /root/answer.json""]","","filesystem_outputs_written+final_refs_present+official_refs_empty","high","13_Run scenario — shard-3.txt"
"3","10","sequence_order","sales-pivot-analysis","sales-pivot-analysis__agentbeats__632b8f88","office-white-collar","medium","[""excel"",""pivot-tables"",""pdf"",""aggregation"",""data-integration""]","false","0.0","1.0","true","0","64.757","","","c2693b39-13b4-4e75-8eac-ae5e159624b4","unresolved","0.0","","pdf_document","office_xlsx","office_xlsx","office_xlsx","","","true","true","2","2","[""/root/demographic_analysis.xlsx"",""/root/income.xlsx""]","[""/root/demographic_analysis.xlsx"",""/root/income.xlsx"",""/root/population.pdf""]","[""/root/demographic_analysis.xlsx""]","[""/root/population.pdf"",""/root/income.xlsx"",""/root/demographic_analysis.""]","4","4","4","4","filesystem_output_primary","filesystem_output_primary","diagnostic_and_compatibility_signal","true","{""executor_skillsbench_before_terminal_flush"":1,""executor_skillsbench_entered"":1,""final_response_contract_emit"":1}","[""selected_solver_key=office_xlsx""]","","filesystem_outputs_written+final_refs_present+official_refs_empty","high","13_Run scenario — shard-3.txt"
"3","11","sequence_order","software-dependency-audit","software-dependency-audit__agentbeats__c6bf5da0","cybersecurity","medium","[""security"",""vulnerability-scanning"",""dependencies""]","false","0.0","1.0","true","0","70.274","","","03f775a3-9996-4d6a-b70d-6e195f9b7860","unresolved","0.0","","csv_output","security_config","security_config","security_config","","","true","true","1","1","[""/root/security_audit.csv""]","[""/root/security_audit.csv""]","[""/root/security_audit.csv""]","[""/root/package-lock.json"",""/root/security_audit.csv""]","4","4","4","4","filesystem_output_primary","filesystem_output_primary","diagnostic_and_compatibility_signal","true","{""event"":1,""executor_skillsbench_before_terminal_flush"":1,""executor_skillsbench_entered"":1,""final_response_contract_emit"":1}","[""selected_solver_key=security_config""]","","filesystem_outputs_written+final_refs_present+official_refs_empty","high","13_Run scenario — shard-3.txt"
"3","12","sequence_order","tictoc-unnecessary-abort-detection","tictoc-unnecessary-abort-detection__agentbeats__3f538698","software-engineering","hard","[""concurrency-control"",""transactions"",""tictoc"",""trace-analysis""]","false","0.0","1.0","true","0","51.401","","","5afed6f3-b5a7-4da9-8cc9-a13a7182e1f8","unresolved","0.0","","json_output","security_config","security_config","security_config","","","true","true","1","1","[""/root/unnecessary_aborts.json""]","[""/root/traces"",""/root/unnecessary_aborts.json""]","[""/root/traces""]","[""/root/unnecessary_aborts.json""]","4","4","4","4","filesystem_output_primary","filesystem_output_primary","diagnostic_and_compatibility_signal","true","{""event"":1,""executor_skillsbench_before_terminal_flush"":1,""executor_skillsbench_entered"":1,""final_response_contract_emit"":1}","[""selected_solver_key=security_config""]","","filesystem_outputs_written+final_refs_present+official_refs_empty","high","13_Run scenario — shard-3.txt"
"4","0","sequence_order","bike-rebalance","bike-rebalance__agentbeats__4de87dc7","mathematics-or-formal-reasoning","medium","[""bike-sharing"",""vehicle-routing"",""inventory-rebalancing"",""mixed-integer-program""]","false","0.0","1.0","true","0","49.694","","","a47368d0-0631-4047-99e9-dbde879cd09a","unresolved","0.0","","csv_output","general_file_output","general_file_output","general_file_output","","","true","true","1","1","[""/root/answer.json""]","","","[""/root/answer.json""]","4","4","4","4","filesystem_output_primary","filesystem_output_primary","diagnostic_and_compatibility_signal","true","{""agent_run_completed"":1,""direct_adapter_complete"":1,""direct_adapter_start"":1,""executor_skillsbench_entered"":1,""workspace_executor_complete"":1,""workspace_executor_start"":1}","[""No output requirements detected; attempting best-effort answer.json fallback."",""generic no-requirements fallback wrote /root/answer.json""]","","filesystem_outputs_written+final_refs_present+official_refs_empty+generic_family","high","13_Run scenario — shard-4.txt"
"4","1","sequence_order","debug-trl-grpo","debug-trl-grpo__agentbeats__28431001","software-engineering","hard","[""post-training"",""trl"",""debugging"",""reasoning-model"",""grpo""]","false","0.0","1.0","true","0","73.954","","","50d6406d-baca-423f-b12b-feb7abc7b3aa","metadata.aegisforge_a2a_payload_text.known_task_occurrence","0.7083333333333334","[{""reason"":""plausible-slug,known-public-skillsbench-task,appears-in-context"",""score"":85.0,""source"":""metadata.aegisforge_a2a_payload_text.known_task_occurrence"",""value"":""debug-trl-grpo""}]","markdown_output","code_solution","code_solution","code_solution","","","true","true","1","1","[""/root/answer.json""]","","","[""/root/answer.json""]","4","4","4","4","filesystem_output_primary","filesystem_output_primary","diagnostic_and_compatibility_signal","true","{""direct_adapter_complete"":1,""executor_skillsbench_before_terminal_flush"":1,""executor_skillsbench_entered"":1,""final_response_contract_emit"":1}","[""No output requirements detected; attempting best-effort answer.json fallback."",""generic no-requirements fallback wrote /root/answer.json""]","","filesystem_outputs_written+final_refs_present+official_refs_empty","high","13_Run scenario — shard-4.txt"
"4","2","sequence_order","edit-pdf","edit-pdf__agentbeats__b258de33","office-white-collar","medium","[""pdf"",""document-editing"",""form-filling"",""natural-language""]","false","0.0","1.0","true","0","60.732","","","788d5d5c-6781-43ad-8fe9-3422b8ebb43b","unresolved","0.0","","pdf_document","pdf_document","pdf_document","pdf_document","","","true","true","1","1","[""/root/output/output.pdf""]","[""/root/output/output.pdf""]","[""/root/output/output.pdf"",""/root/output""]","[""/root/output/output.pdf"",""/root/output"",""/root/input/input.pdf"",""/root/input"",""/root/in""]","4","4","4","4","filesystem_output_primary","filesystem_output_primary","diagnostic_and_compatibility_signal","true","{""direct_adapter_complete"":1,""executor_skillsbench_before_terminal_flush"":1,""executor_skillsbench_entered"":1,""final_response_contract_emit"":1}","[""selected_solver_key=pdf_document""]","","filesystem_outputs_written+final_refs_present+official_refs_empty","high","13_Run scenario — shard-4.txt"
"4","3","sequence_order","exoplanet-detection-period","exoplanet-detection-period__agentbeats__ef2e3d4b","natural-science","medium","[""science"",""astronomy"",""planetary-science"",""timeseries"",""data-analysis"",""python""]","false","0.0","1.0","true","0","68.144","","","650173d5-523d-478b-b6ed-1e2f7344835d","unresolved","0.0","","general_file_output","security_config","security_config","security_config","","","true","true","1","1","[""/root/period.txt""]","[""/root/period.txt""]","[""/root/period.txt""]","[""/root/period.txt"",""/root/data/tess_lc.txt"",""/root/data""]","4","4","4","4","filesystem_output_primary","filesystem_output_primary","diagnostic_and_compatibility_signal","true","{""executor_skillsbench_before_terminal_flush"":1,""executor_skillsbench_entered"":1,""final_response_contract_emit"":1}","[""selected_solver_key=security_config""]","","filesystem_outputs_written+final_refs_present+official_refs_empty","high","13_Run scenario — shard-4.txt"
"4","4","sequence_order","fix-visual-stability","fix-visual-stability__agentbeats__670e14c8","software-engineering","hard","[""react"",""nextjs"",""cls"",""flickering"",""visual-stability""]","false","0.0","1.0","true","0","134.035","","","f91e1a28-b972-4860-b20c-320ea12a30a1","unresolved","0.0","","markdown_output","general_file_output","general_file_output","general_file_output","","","true","true","1","1","[""/root/answer.json""]","","","[""/root/answer.json""]","4","4","4","4","filesystem_output_primary","filesystem_output_primary","diagnostic_and_compatibility_signal","true","{""executor_skillsbench_before_terminal_flush"":1,""executor_skillsbench_entered"":1,""final_response_contract_emit"":1}","[""No output requirements detected; attempting best-effort answer.json fallback."",""generic no-requirements fallback wrote /root/answer.json""]","","filesystem_outputs_written+final_refs_present+official_refs_empty+generic_family","high","13_Run scenario — shard-4.txt"
"4","5","sequence_order","hvac-control","hvac-control__agentbeats__bb50b3f0","industrial-physical-systems","medium","[""hvac"",""control-theory"",""system-identification"",""pid"",""python"",""thermal-modeling""]","false","0.0","1.0","true","0","59.69","","","0c9d192c-d97b-4e25-9e3e-6212c3894ffe","unresolved","0.0","","json_output","general_file_output","general_file_output","general_file_output","","","true","true","1","1","[""/root/answer.json""]","","","[""/root/answer.json""]","4","4","4","4","filesystem_output_primary","filesystem_output_primary","diagnostic_and_compatibility_signal","true","{""executor_skillsbench_before_terminal_flush"":1,""executor_skillsbench_entered"":1,""final_response_contract_emit"":1}","[""No output requirements detected; attempting best-effort answer.json fallback."",""generic no-requirements fallback wrote /root/answer.json""]","","filesystem_outputs_written+final_refs_present+official_refs_empty+generic_family","high","13_Run scenario — shard-4.txt"
"4","6","sequence_order","lean4-proof","lean4-proof__agentbeats__6fd13a83","mathematics-or-formal-reasoning","medium","[""formal method"",""lean4""]","false","0.0","1.0","true","0","108.707","","","fb042c9f-ae50-4448-9fe2-deef925b8cc9","unresolved","0.0","","lean_solution","lean_solution","lean_solution","lean_solution","","","true","true","1","1","[""/root/answer.json""]","","","[""/app/workspace/solution.lean"",""/root/answer.json""]","4","4","4","4","filesystem_output_primary","filesystem_output_primary","diagnostic_and_compatibility_signal","true","{""executor_skillsbench_before_terminal_flush"":1,""executor_skillsbench_entered"":1,""final_response_contract_emit"":1}","[""No output requirements detected; attempting best-effort answer.json fallback."",""generic no-requirements fallback wrote /root/answer.json""]","","filesystem_outputs_written+final_refs_present+official_refs_empty","high","13_Run scenario — shard-4.txt"
"4","7","sequence_order","multilingual-video-dubbing","multilingual-video-dubbing__agentbeats__7469cd33","media-content-production","medium","[""video dubbing"",""speech"",""text-to-speech"",""alignment""]","false","0.0","1.0","true","0","123.956","","","a5696ff3-d667-4867-a286-933aba9b00ac","unresolved","0.0","","audio","general_file_output","general_file_output","general_file_output","","","true","true","1","1","[""/root/answer.json""]","","","[""/root/target_language.txt""]","4","4","4","4","filesystem_output_primary","filesystem_output_primary","diagnostic_and_compatibility_signal","true","{""executor_skillsbench_before_terminal_flush"":1,""executor_skillsbench_entered"":1,""final_response_contract_emit"":1}","[""No output requirements detected; attempting best-effort answer.json fallback."",""generic no-requirements fallback wrote /root/answer.json""]","","filesystem_outputs_written+final_refs_present+official_refs_empty+generic_family","high","13_Run scenario — shard-4.txt"
"4","8","sequence_order","pddl-tpp-planning","pddl-tpp-planning__agentbeats__9e5fc6d1","mathematics-or-formal-reasoning","medium","[""dsl"",""planning""]","false","0.0","1.0","true","0","64.256","","","8021f7bb-3701-4c27-aef2-c1506edb886d","unresolved","0.0","","general_file_output","general_file_output","general_file_output","general_file_output","","","true","true","1","1","[""/root/answer.json""]","","","[""/root/answer.json""]","4","4","4","4","filesystem_output_primary","filesystem_output_primary","diagnostic_and_compatibility_signal","true","{""executor_skillsbench_before_terminal_flush"":1,""executor_skillsbench_entered"":1,""final_response_contract_emit"":1}","[""No output requirements detected; attempting best-effort answer.json fallback."",""generic no-requirements fallback wrote /root/answer.json""]","","filesystem_outputs_written+final_refs_present+official_refs_empty+generic_family","high","13_Run scenario — shard-4.txt"
"4","9","sequence_order","python-scala-translation","python-scala-translation__agentbeats__5af91f52","software-engineering","medium","[""translation"",""scala"",""python""]","false","0.0","1.0","true","0","104.76","","","8df7b857-e0fe-4408-a586-d7800dff8408","unresolved","0.0","","markdown_output","code_solution","code_solution","code_solution","","","true","true","1","1","[""/root/Tokenizer.py""]","[""/root/Tokenizer.py""]","[""/root/Tokenizer.py""]","[""/root/Tokenizer.py"",""/root/answer.json""]","4","4","4","4","filesystem_output_primary","filesystem_output_primary","diagnostic_and_compatibility_signal","true","{""executor_skillsbench_before_terminal_flush"":1,""executor_skillsbench_entered"":1,""final_response_contract_emit"":1}","[""selected_solver_key=code_solution""]","","filesystem_outputs_written+final_refs_present+official_refs_empty","high","13_Run scenario — shard-4.txt"
"4","10","sequence_order","sec-financial-report","sec-financial-report__agentbeats__1c4e7693","finance-economics","hard","[""data processing"",""financial analysis""]","false","0.0","1.0","true","0","75.335","","","48df8228-da8f-4b72-8622-dac9e3aed588","unresolved","0.0","","json_output","general_file_output","general_file_output","general_file_output","","","true","true","1","1","[""/root/answer.json""]","","","[""/root/answer.json""]","4","4","4","4","filesystem_output_primary","filesystem_output_primary","diagnostic_and_compatibility_signal","true","{""event"":1,""executor_skillsbench_before_terminal_flush"":1,""executor_skillsbench_entered"":1,""final_response_contract_emit"":1}","[""No output requirements detected; attempting best-effort answer.json fallback."",""generic no-requirements fallback wrote /root/answer.json""]","","filesystem_outputs_written+final_refs_present+official_refs_empty+generic_family","high","13_Run scenario — shard-4.txt"
"4","11","sequence_order","spring-boot-jakarta-migration","spring-boot-jakarta-migration__agentbeats__1ea19d05","software-engineering","hard","[""migration"",""compilation""]","false","0.0","1.0","true","0","120.314","","","a56a2785-2a10-4779-b977-eb32dcf5db32","unresolved","0.0","","lean_solution","general_file_output","general_file_output","general_file_output","","","true","true","1","1","[""/root/answer.json""]","","","[""/root/answer.json""]","4","4","4","4","filesystem_output_primary","filesystem_output_primary","diagnostic_and_compatibility_signal","true","{""executor_skillsbench_before_terminal_flush"":1,""executor_skillsbench_entered"":1,""final_response_contract_emit"":1}","[""No output requirements detected; attempting best-effort answer.json fallback."",""generic no-requirements fallback wrote /root/answer.json""]","","filesystem_outputs_written+final_refs_present+official_refs_empty+generic_family","high","13_Run scenario — shard-4.txt"
"4","12","sequence_order","travel-planning","travel-planning__agentbeats__493edc58","mathematics-or-formal-reasoning","medium","[""travel"",""planning"",""constraints""]","false","0.0","1.0","true","0","56.719","","","ea76b318-b8be-4a8d-a12c-76917a84ea56","unresolved","0.0","","general_file_output","security_config","security_config","security_config","","","true","true","1","1","[""/app/output/itinerary.json""]","[""/app/output/itinerary.json""]","[""/app/output/itinerary.json""]","[""/app/output/itinerary.json"",""/output/itinerary.json""]","4","4","4","4","filesystem_output_primary","filesystem_output_primary","diagnostic_and_compatibility_signal","true","{""event"":1,""executor_skillsbench_before_terminal_flush"":1,""executor_skillsbench_entered"":1,""final_response_contract_emit"":1}","[""selected_solver_key=security_config""]","","filesystem_outputs_written+final_refs_present+official_refs_empty","high","13_Run scenario — shard-4.txt"
"5","0","partial_sequence","citation-check","citation-check__agentbeats__38c9d169","office-white-collar","medium","[""citation"",""bibtex"",""academic"",""verification"",""api"",""crossref"",""semantic-scholar""]","false","0.0","1.0","true","0","72.725","","","a0aa008a-d8b6-464e-b217-030dac0cf543","unresolved","0.0","","lean_solution","security_config","security_config","security_config","","","true","true","1","1","[""/root/answer.json""]","[""/root/answer.json""]","[""/root/answer.json""]","[""/root/answer.json"",""root/answer.json""]","4","4","4","4","filesystem_output_primary","filesystem_output_primary","diagnostic_and_compatibility_signal","true","{""agent_run_completed"":1,""direct_adapter_complete"":1,""direct_adapter_start"":1,""executor_skillsbench_entered"":1,""workspace_executor_complete"":1,""workspace_executor_start"":1}","[""selected_solver_key=security_config""]","","filesystem_outputs_written+final_refs_present+official_refs_empty","high","13_Run scenario — shard-5.txt"
"5","1","partial_sequence","dialogue-parser","dialogue-parser__agentbeats__21b30015","software-engineering","easy","[""game development"",""parsing""]","false","0.0","1.0","true","0","54.326","","","4ba1385c-9854-43d3-b61e-bd1f000cdf8c","unresolved","0.0","","general_file_output","security_config","security_config","security_config","","","true","true","2","2","[""/app/dialogue.json"",""/app/script.txt""]","","","","4","4","4","4","filesystem_output_primary","filesystem_output_primary","diagnostic_and_compatibility_signal","true","{""agent_run_completed"":1,""executor_skillsbench_before_terminal_flush"":1,""executor_skillsbench_entered"":1,""final_response_contract_emit"":1,""workspace_executor_complete"":1}","[""selected_solver_key=security_config""]","","filesystem_outputs_written+final_refs_present+official_refs_empty","high","13_Run scenario — shard-5.txt"
"5","2","partial_sequence","energy-ac-optimal-power-flow","energy-ac-optimal-power-flow__agentbeats__cbb3267d","industrial-physical-systems","medium","[""energy"",""system-operation"",""ac-optimal-power-flow"",""non-convex-optimization""]","false","0.0","1.0","true","0","65.272","","","3499be7b-f630-43de-a9d6-43b1fad26a51","unresolved","0.0","","general_file_output","security_config","security_config","security_config","","","true","true","1","1","[""/app/workspace/report.json""]","[""/app/workspace/report.json""]","[""/app/workspace/report.json""]","[""/root/answer.json""]","4","4","4","4","filesystem_output_primary","filesystem_output_primary","diagnostic_and_compatibility_signal","true","{""executor_skillsbench_before_terminal_flush"":1,""executor_skillsbench_entered"":1,""final_response_contract_emit"":1}","[""selected_solver_key=security_config""]","","filesystem_outputs_written+final_refs_present+official_refs_empty","high","13_Run scenario — shard-5.txt"
"5","3","partial_sequence","financial-modeling-qa","financial-modeling-qa__agentbeats__8a7ed918","finance-economics","hard","[""data analysis"",""pdf parsing"",""financial knowledge""]","false","0.0","1.0","true","0","67.724","","","1f8a42a2-b3fa-49f9-9366-0e5b9e8dacdd","unresolved","0.0","","pdf_document","security_config","security_config","security_config","","","true","true","1","1","[""/root/answer.txt""]","[""/root/answer.txt""]","[""/root/answer.txt""]","[""/root/data.xlsx"",""/root/background.pdf"",""/root/answer.txt""]","4","4","4","4","filesystem_output_primary","filesystem_output_primary","diagnostic_and_compatibility_signal","true","{""executor_skillsbench_before_terminal_flush"":1,""executor_skillsbench_entered"":1,""final_response_contract_emit"":1}","[""selected_solver_key=security_config""]","","filesystem_outputs_written+final_refs_present+official_refs_empty","high","13_Run scenario — shard-5.txt"
"5","4","partial_sequence","flink-query","flink-query__agentbeats__2f297c10","software-engineering","hard","[""flink"",""java"",""data engineer""]","false","0.0","1.0","true","0","93.903","","","e430b78d-c222-4362-b364-aaff97d7eaf3","unresolved","0.0","","pdf_document","security_config","security_config","security_config","","","true","true","2","2","[""/app/workspace/data/job_events/part-00001-of-00500.csv"",""/app/workspace/data/task_events/part-00001-of-00500.csv""]","[""/app/workspace/data/job_events/part-00001-of-00500.csv"",""/app/workspace/data/task_events/part-00001-of-00500.csv"",""/app/workspace/src/main/java/clusterdata/query""]","[""/app/workspace/data/job_events/part-00001-of-00500.csv"",""/app/workspace/data/job_events""]","[""/app/workspace/data/format.pdf"",""/app/workspace/data"",""/app/workspace/data/ClusterData2011_2.md""]","4","4","4","4","filesystem_output_primary","filesystem_output_primary","diagnostic_and_compatibility_signal","true","{""executor_skillsbench_before_terminal_flush"":1,""executor_skillsbench_entered"":1,""final_response_contract_emit"":1,""workspace_executor_complete"":1}","[""selected_solver_key=security_config""]","","filesystem_outputs_written+final_refs_present+official_refs_empty","high","13_Run scenario — shard-5.txt"
"5","5","partial_sequence","invoice-fraud-detection","invoice-fraud-detection__agentbeats__363fa6f4","finance-economics","hard","[""pdf"",""excel"",""fraud-detection"",""fuzzy-matching"",""finance""]","false","0.0","1.0","true","0","64.362","","","5fbf525a-9e4e-4ec3-a7e5-6faf6d6caf8a","unresolved","0.0","","pdf_document","security_config","security_config","security_config","","","true","true","1","1","[""/root/fraud_report.json""]","[""/root/fraud_report.json""]","[""/root/fraud_report.json""]","[""/root/invoices.pdf"",""/root/vendors.xlsx"",""/root/purchase_orders.csv""]","4","4","4","4","filesystem_output_primary","filesystem_output_primary","diagnostic_and_compatibility_signal","true","{""executor_skillsbench_before_terminal_flush"":1,""executor_skillsbench_entered"":1,""final_response_contract_emit"":1}","[""selected_solver_key=security_config""]","","filesystem_outputs_written+final_refs_present+official_refs_empty","high","13_Run scenario — shard-5.txt"
"5","6","partial_sequence","llm-prefix-cache-replay","llm-prefix-cache-replay__agentbeats__1276aea8","software-engineering","medium","[""llm-serving"",""kv-cache"",""trace-replay"",""prefix-cache"",""s3fifo"",""performance""]","false","0.0","1.0","true","0","51.332","","","64290fc6-38bc-4555-ba6a-67019b3145ea","unresolved","0.0","","general_file_output","security_config","security_config","security_config","","","true","true","1","1","[""/root/report.json""]","[""/root/report.json""]","[""/root/report.json""]","[""/root/trace.json"",""/root/config.json"",""/root/report.json""]","4","4","4","4","filesystem_output_primary","filesystem_output_primary","diagnostic_and_compatibility_signal","true","{""executor_skillsbench_before_terminal_flush"":1,""executor_skillsbench_entered"":1,""final_response_contract_emit"":1}","[""selected_solver_key=security_config""]","","filesystem_outputs_written+final_refs_present+official_refs_empty","high","13_Run scenario — shard-5.txt"
"5","7","partial_sequence","offer-letter-generator","offer-letter-generator__agentbeats__f9ae8c37","office-white-collar","easy","[""docx"",""word"",""template"",""office"",""mail-merge""]","false","0.0","1.0","true","0","63.473","","","9ca5cda3-694e-4606-9c45-c6a318291dad","unresolved","0.0","","office_docx","security_config","security_config","security_config","","","true","true","1","1","[""/app/workspace/data.json""]","[""/root/offer_letter_filled.docx""]","[""/app/workspace/data.json""]","[""/root/offer_letter_filled.docx""]","4","4","4","4","filesystem_output_primary","filesystem_output_primary","diagnostic_and_compatibility_signal","true","{""executor_skillsbench_before_terminal_flush"":1,""executor_skillsbench_entered"":1,""final_response_contract_emit"":1}","[""selected_solver_key=security_config""]","","filesystem_outputs_written+final_refs_present+official_refs_empty","high","13_Run scenario — shard-5.txt"
"5","8","partial_sequence","pdf-excel-diff","pdf-excel-diff__agentbeats__2850cdb7","office-white-collar","medium","[""pdf"",""excel"",""data-extraction"",""diff"",""table-parsing"",""office""]","false","0.0","1.0","true","0","90.23","","","4b05e3a5-51ea-41de-a21a-7ead829a079c","unresolved","0.0","","pdf_document","security_config","security_config","security_config","","","true","true","1","1","[""/root/diff_report.json""]","[""/root/diff_report.json""]","[""/root/diff_report.json""]","[""/root/employees_backup.pdf"",""/root/employees_current.xlsx"",""/root/diff""]","4","4","4","4","filesystem_output_primary","filesystem_output_primary","diagnostic_and_compatibility_signal","true","{""direct_adapter_complete"":1,""executor_skillsbench_before_terminal_flush"":1,""executor_skillsbench_entered"":1,""final_response_contract_emit"":1}","[""selected_solver_key=security_config""]","","filesystem_outputs_written+final_refs_present+official_refs_empty","high","13_Run scenario — shard-5.txt"
"5","9","partial_sequence","quantum-numerical-simulation","quantum-numerical-simulation__agentbeats__9aad26e4","natural-science","medium","[""quantum"",""quantum-simulation""]","false","0.0","1.0","true","0","68.39","","","531dc696-3479-4411-84af-b4b80eb1c844","unresolved","0.0","","pdf_document","general_file_output","general_file_output","general_file_output","","","true","true","1","1","[""/root/answer.json""]","","","[""/root/answer.json""]","4","4","4","4","filesystem_output_primary","filesystem_output_primary","diagnostic_and_compatibility_signal","true","{""executor_skillsbench_before_terminal_flush"":1,""executor_skillsbench_entered"":1,""final_response_contract_emit"":1}","[""No output requirements detected; attempting best-effort answer.json fallback."",""generic no-requirements fallback wrote /root/answer.json""]","","filesystem_outputs_written+final_refs_present+official_refs_empty+generic_family","high","13_Run scenario — shard-5.txt"
"5","10","partial_sequence","seismic-phase-picking","seismic-phase-picking__agentbeats__e41dc75a","natural-science","hard","[""science"",""earth-science"",""seismology"",""ai4science""]","false","0.0","1.0","true","0","174.885","","","2ce40dc9-dc15-4152-b3e9-eb0b9ce1cc01","unresolved","0.0","","csv_output","security_config","security_config","security_config","","","true","true","1","1","[""/root/results.csv""]","[""/root/results.csv""]","[""/root/results.csv""]","[""/root/results.csv"",""/root/answer.json""]","4","4","4","4","filesystem_output_primary","filesystem_output_primary","diagnostic_and_compatibility_signal","true","{""event"":1,""executor_skillsbench_before_terminal_flush"":1,""executor_skillsbench_entered"":1,""final_response_contract_emit"":1}","[""selected_solver_key=security_config""]","","filesystem_outputs_written+final_refs_present+official_refs_empty","high","13_Run scenario — shard-5.txt"
"5","11","partial_sequence","suricata-custom-exfil","suricata-custom-exfil__agentbeats__799e6207","cybersecurity","medium","[""suricata"",""dpi"",""pcap"",""ids"",""rule-writing""]","false","0.0","1.0","true","0","67.788","","","5fab68c0-bfd1-4baa-8559-ca5774f9ac8a","unresolved","0.0","","video","security_config","security_config","security_config","","","true","true","1","1","[""/root/annotations.json""]","[""/root/annotations.json""]","[""/root/annotations.json""]","[""/root/annotations.json""]","4","4","4","4","filesystem_output_primary","filesystem_output_primary","diagnostic_and_compatibility_signal","true","{""executor_skillsbench_before_terminal_flush"":1,""final_response_contract_emit"":1}","[""selected_solver_key=security_config""]","","filesystem_outputs_written+final_refs_present+official_refs_empty","high","13_Run scenario — shard-5.txt"
"5","12","unmatched","video-filler-word-remover","video-filler-word-remover__agentbeats__bc42129f","media-content-production","medium","[""video"",""audio"",""editing"",""filler-words""]","false","0.0","1.0","true","0","163.459","","","","","","","","","","","","","","","","","","","","","","","","","","","","","","","","official_result_without_local_evidence","low","13_Run scenario — shard-5.txt"
"6","0","partial_sequence","civ6-adjacency-optimizer","civ6-adjacency-optimizer__agentbeats__aed30604","mathematics-or-formal-reasoning","hard","[""optimization"",""constraint-satisfaction"",""game-mechanics"",""spatial understanding"",""civ6""]","false","0.0","1.0","true","0","50.903","","","64cbf161-95fb-4014-8da8-0d89b7a6409d","unresolved","0.0","","json_output","security_config","security_config","security_config","","","true","true","1","1","[""/output/scenario_3.json""]","[""/output/scenario_3.json""]","[""/output/scenario_3.json""]","[""/output/scenario_3.json""]","4","4","4","4","filesystem_output_primary","filesystem_output_primary","diagnostic_and_compatibility_signal","true","{""agent_run_completed"":1,""direct_adapter_complete"":1,""direct_adapter_start"":1,""executor_skillsbench_entered"":1,""workspace_executor_complete"":1,""workspace_executor_start"":1}","[""selected_solver_key=security_config""]","","filesystem_outputs_written+final_refs_present+official_refs_empty","high","13_Run scenario — shard-6.txt"
"6","1","partial_sequence","drone-planning-control","drone-planning-control__agentbeats__b4c08dcf","industrial-physical-systems","medium","[""planning"",""control"",""robotics"",""simulation"",""dynamics""]","false","0.0","1.0","true","0","71.568","","","1e0b39db-7ed5-4750-babb-a82f5898d33b","unresolved","0.0","","json_output","security_config","security_config","security_config","","","true","true","1","1","[""/app/workspace/report.json""]","[""/app/workspace/report.json""]","[""/app/workspace/report.json""]","[""/root/answer.json""]","4","4","4","4","filesystem_output_primary","filesystem_output_primary","diagnostic_and_compatibility_signal","true","{""executor_skillsbench_before_terminal_flush"":1,""executor_skillsbench_entered"":1,""final_response_contract_emit"":1}","[""selected_solver_key=security_config""]","","filesystem_outputs_written+final_refs_present+official_refs_empty","high","13_Run scenario — shard-6.txt"
"6","2","partial_sequence","energy-market-pricing","energy-market-pricing__agentbeats__a9f3e507","industrial-physical-systems","hard","[""energy"",""market-pricing"",""optimization"",""duality"",""counterfactual-analysis""]","false","0.0","1.0","true","0","109.288","","","130a047c-b0a3-4443-8ede-035008b31ecc","unresolved","0.0","","office_pptx","code_solution","code_solution","code_solution","","","true","true","1","1","[""/root/workspace/solution.py""]","[""/root/workspace/solution.py""]","[""/root/workspace/solution.py"",""/root/workspace""]","[""/root/workspace/solution.py"",""/root/workspace"",""/workspace/solution.py""]","4","4","4","4","filesystem_output_primary","filesystem_output_primary","diagnostic_and_compatibility_signal","true","{""executor_skillsbench_before_terminal_flush"":1,""executor_skillsbench_entered"":1,""final_response_contract_emit"":1}","[""selected_solver_key=code_solution""]","","filesystem_outputs_written+final_refs_present+official_refs_empty","high","13_Run scenario — shard-6.txt"
"6","3","partial_sequence","find-topk-similiar-chemicals","find-topk-similiar-chemicals__agentbeats__dd24e7b4","natural-science","medium","[""chemistry"",""PDF"",""python""]","false","0.0","1.0","true","0","59.896","","","7844173b-70bc-415e-98f1-847bb3566195","unresolved","0.0","","csv_output","security_config","security_config","security_config","","","true","true","2","2","[""/app/workspace/results.csv"",""/root/output/flood_results.csv""]","[""/app/workspace/results.csv"",""/root/output/flood_results.csv""]","[""/app/workspace/results.csv""]","[""/root/data/michigan_stations.txt"",""/root/data"",""/root/output/flood_results.csv"",""/root/output""]","4","4","4","4","filesystem_output_primary","filesystem_output_primary","diagnostic_and_compatibility_signal","true","{""agent_run_completed"":1,""executor_skillsbench_before_terminal_flush"":1,""executor_skillsbench_entered"":1,""final_response_contract_emit"":1,""workspace_executor_complete"":1}","[""selected_solver_key=security_config""]","","filesystem_outputs_written+final_refs_present+official_refs_empty","high","13_Run scenario — shard-6.txt"
"6","4","partial_sequence","flood-risk-analysis","flood-ri***","natural-science","medium","[""hydrology"",""geospatial"",""csv"",""json"",""flood-monitoring""]","false","0.0","1.0","true","0","59.992","","","6a01d7c7-3d24-4016-9589-f2d0892f0f62","unresolved","0.0","","general_file_output","security_config","security_config","security_config","","","true","true","1","1","[""/app/workspace/problem.json""]","[""/app/workspace/problem.json""]","[""/app/workspace/problem.json""]","[""/root/answer.json""]","4","4","4","4","filesystem_output_primary","filesystem_output_primary","diagnostic_and_compatibility_signal","true","{""executor_skillsbench_before_terminal_flush"":1,""executor_skillsbench_entered"":1,""final_response_contract_emit"":1}","[""selected_solver_key=security_config""]","","filesystem_outputs_written+final_refs_present+official_refs_empty","high","13_Run scenario — shard-6.txt"
"6","5","partial_sequence","jax-computing-basics","jax-computing-basics__agentbeats__9cd6b71c","software-engineering","medium","[""jax-language"",""numerical-computing""]","false","0.0","1.0","true","0","66.526","","","5a5c176f-f0dd-4882-b2c5-5afdb8f51fd7","unresolved","0.0","","csv_output","security_config","security_config","security_config","","","true","true","2","2","[""/app/workspace/logs.csv"",""/app/output/solution.json""]","[""/app/output/solution.json""]","[""/app/workspace/logs.csv""]","[""/app/output/solution.json"",""/output/solution.json""]","4","4","4","4","filesystem_output_primary","filesystem_output_primary","diagnostic_and_compatibility_signal","true","{""executor_skillsbench_before_terminal_flush"":1,""executor_skillsbench_entered"":1,""final_response_contract_emit"":1}","[""selected_solver_key=security_config""]","","filesystem_outputs_written+final_refs_present+official_refs_empty","high","13_Run scenario — shard-6.txt"
"6","6","partial_sequence","manufacturing-codebook-normalization","manufacturing-codebook-normalization__agentbeats__ca83462d","industrial-physical-systems","medium","[""test failure reason codebook"",""defect reason standardization"",""testing remarks analysis""]","false","0.0","1.0","true","0","56.488","","","938e238d-be0a-480b-99d0-f72047022548","unresolved","0.0","","office_pptx","general_file_output","general_file_output","general_file_output","","","true","true","1","1","[""/root/answer.json""]","","","[""/root/answer.json""]","4","4","4","4","filesystem_output_primary","filesystem_output_primary","diagnostic_and_compatibility_signal","true","{""direct_adapter_complete"":1,""event"":1,""executor_skillsbench_before_terminal_flush"":1,""executor_skillsbench_entered"":1,""final_response_contract_emit"":1}","[""No output requirements detected; attempting best-effort answer.json fallback."",""generic no-requirements fallback wrote /root/answer.json""]","","filesystem_outputs_written+final_refs_present+official_refs_empty+generic_family","high","13_Run scenario — shard-6.txt"
"6","7","partial_sequence","organize-messy-files","organize-messy-files__agentbeats__719db855","office-white-collar","medium","[""file-management"",""pdf""]","false","0.0","1.0","true","0","88.358","","","03845799-4139-41be-9cd5-c71fcbd3fcac","unresolved","0.0","","office_xlsx","office_xlsx","office_xlsx","office_xlsx","","","true","true","1","1","[""/app/video/count.xlsx""]","","","","4","4","4","4","filesystem_output_primary","filesystem_output_primary","diagnostic_and_compatibility_signal","true","{""executor_skillsbench_before_terminal_flush"":1,""executor_skillsbench_entered"":1,""final_response_contract_emit"":1}","[""selected_solver_key=office_xlsx""]","","filesystem_outputs_written+final_refs_present+official_refs_empty","high","13_Run scenario — shard-6.txt"
"6","8","partial_sequence","pedestrian-traffic-counting","pedestrian-traffic-counting__agentbeats__6c664fe2","media-content-production","hard","[""video understanding"",""pedestrian traffic counting"",""counting""]","false","0.0","1.0","true","0","145.5","","","a495eaac-b2ac-4546-b2f4-2e882d8ffe9e","unresolved","0.0","","csv_output","security_config","security_config","security_config","","","true","true","1","1","[""/app/workspace/controller_params.json""]","[""/app/workspace/controller_params.json""]","[""/app/workspace/controller_params.json""]","","4","4","4","4","filesystem_output_primary","filesystem_output_primary","diagnostic_and_compatibility_signal","true","{""event"":1,""executor_skillsbench_before_terminal_flush"":1,""executor_skillsbench_entered"":1,""final_response_contract_emit"":1}","[""selected_solver_key=security_config""]","","filesystem_outputs_written+final_refs_present+official_refs_empty","high","13_Run scenario — shard-6.txt"
"6","9","partial_sequence","r2r-mpc-control","r2r-mpc-control__agentbeats__dca777f0","industrial-physical-systems","medium","[""mpc"",""manufacturing"",""tension-control"",""lqr"",""python"",""state-space"",""r2r""]","false","0.0","1.0","true","0","60.353","","","242e2bd2-6783-4ed1-b39d-5b9f2abc49ed","unresolved","0.0","","markdown_output","code_solution","code_solution","code_solution","","","true","true","3","3","[""/app/<lib>/fuzz.py"",""/app/<lib>/notes_for_testing.txt"",""/app/libraries.txt""]","","","","4","4","4","4","filesystem_output_primary","filesystem_output_primary","diagnostic_and_compatibility_signal","true","{""executor_skillsbench_before_terminal_flush"":1,""executor_skillsbench_entered"":1,""final_response_contract_emit"":1,""workspace_executor_complete"":1}","[""selected_solver_key=code_solution""]","","filesystem_outputs_written+final_refs_present+official_refs_empty","high","13_Run scenario — shard-6.txt"
"6","10","partial_sequence","setup-fuzzing-py","setup-fuzzing-py__agentbeats__3f88caf1","cybersecurity","medium","[""security"",""build"",""vulnerability"",""continuous-integration"",""python""]","false","0.0","1.0","true","0","84.999","","","2b338cae-fca2-40c0-8b3d-48196072dcc7","unresolved","0.0","","general_file_output","general_file_output","general_file_output","general_file_output","","","true","true","1","1","[""/root/answer.json""]","","","[""/root/answer.json""]","4","4","4","4","filesystem_output_primary","filesystem_output_primary","diagnostic_and_compatibility_signal","true","{""executor_skillsbench_before_terminal_flush"":1,""executor_skillsbench_entered"":1,""final_response_contract_emit"":1}","[""No output requirements detected; attempting best-effort answer.json fallback."",""generic no-requirements fallback wrote /root/answer.json""]","","filesystem_outputs_written+final_refs_present+official_refs_empty+generic_family","high","13_Run scenario — shard-6.txt"
"6","11","partial_sequence","syzkaller-ppdev-syzlang","syzkaller-ppdev-syzlang__agentbeats__bbefe3ee","cybersecurity","medium","[""security"",""fuzzing"",""kernel"",""syzkaller"",""syzlang""]","false","0.0","1.0","true","0","349.463","","","bc6c47d3-968d-40ba-a10c-1e23ac9ce3f5","unresolved","0.0","","general_file_output","general_file_output","general_file_output","general_file_output","","","true","true","1","1","[""/root/answer.json""]","","","[""/root/answer.json""]","4","4","4","4","filesystem_output_primary","filesystem_output_primary","diagnostic_and_compatibility_signal","true","{""executor_skillsbench_before_terminal_flush"":1,""executor_skillsbench_entered"":1,""final_response_contract_emit"":1}","[""No output requirements detected; attempting best-effort answer.json fallback."",""generic no-requirements fallback wrote /root/answer.json""]","","filesystem_outputs_written+final_refs_present+official_refs_empty+generic_family","high","13_Run scenario — shard-6.txt"
"6","12","unmatched","video-silence-remover","video-silence-remover__agentbeats__c2a0be83","media-content-production","hard","[""video"",""audio-analysis"",""ffmpeg"",""signal-processing""]","false","0.0","1.0","true","0","61.682","","","","","","","","","","","","","","","","","","","","","","","","","","","","","","","","official_result_without_local_evidence","low","13_Run scenario — shard-6.txt"
